risk_class,multiplier,probability
0,0.316228,0.500000
1,3.162278,0.500000
