risk_class,multiplier,probability
0,0.075028,0.200000
1,0.246821,0.200000
2,0.846695,0.200000
3,2.710580,0.200000
4,10.456006,0.200000
