risk_class,multiplier,probability
0,0.316228,0.200000
1,0.562341,0.200000
2,1.000000,0.200000
3,1.778279,0.200000
4,3.162278,0.200000
