risk_class,multiplier,probability
0,0.121932,0.333333
1,0.941678,0.333333
2,7.521030,0.333333
